{
  "norm_stats": {
    "state": {
      "mean": [
        -1.2677470445632935,
        1.1236813068389893,
        -1.1249761581420898,
        -1.0534001588821411,
        1.0397571325302124,
        -0.9328867197036743,
        -0.1740950644016266,
        0.38249027729034424,
        1.9278351068496704,
        -1.544421911239624,
        1.3533991575241089,
        0.9592570066452026,
        2.4632670879364014,
        -0.822124719619751,
        0.02400204725563526,
        0.018573859706521034
      ],
      "std": [
        0.0,
        0.4251554608345032,
        0.05339372903108597,
        0.5136284828186035,
        0.050762467086315155,
        0.4124475419521332,
        0.034746378660202026,
        0.4502991735935211,
        0.02561964839696884,
        0.7747035622596741,
        0.05792773514986038,
        0.5136947631835938,
        0.0,
        1.0921099185943604,
        0.0,
        0.006430081557482481
      ],
      "q01": [
        -1.4294214248657227,
        0.1446741819381714,
        -1.2821476459503174,
        -2.306225538253784,
        0.8877155780792236,
        -2.1738991737365723,
        -0.28305116295814514,
        -1.0620590448379517,
        1.7740559577941895,
        -4.506701946258545,
        1.1290189027786255,
        -0.7871958017349243,
        2.401923656463623,
        -2.4699418544769287,
        0.02399853803217411,
        0.010999999940395355
      ],
      "q99": [
        -1.1683167219161987,
        2.3291471004486084,
        -0.9584741592407227,
        0.35521745681762695,
        1.2003898620605469,
        0.013188600540161133,
        -0.08957445621490479,
        1.178055763244629,
        2.0779950618743896,
        -0.30315399169921875,
        1.5641920566558838,
        1.919623851776123,
        2.7128865718841553,
        2.498159885406494,
        0.024019168689846992,
        0.0247849989682436
      ]
    },
    "actions": {
      "mean": [
        -0.00007188697782112285,
        -0.0004848589014727622,
        -0.0001090525693143718,
        -0.0030472856014966965,
        -0.0001107052230508998,
        -0.00026873566093854606,
        0.00005315228918334469,
        0.0016223023412749171,
        0.0001010400737868622,
        0.002256949432194233,
        0.0001327812351519242,
        -0.0023078119847923517,
        0.00007700689457124099,
        0.0060931299813091755,
        0.02400152198970318,
        0.018573500216007233
      ],
      "std": [
        0.00197420222684741,
        0.014855730347335339,
        0.003282553283497691,
        0.017093626782298088,
        0.003274692688137293,
        0.018057895824313164,
        0.0016106786206364632,
        0.016499852761626244,
        0.003497646190226078,
        0.028390711173415184,
        0.0040510306134819984,
        0.018566159531474113,
        0.0018827015301212668,
        0.03770563751459122,
        0.0,
        0.006428943015635014
      ],
      "q01": [
        -0.0024329572916030884,
        -0.04858130216598511,
        -0.005918979644775391,
        -0.058664917945861816,
        -0.006222054362297058,
        -0.04389581084251404,
        -0.00140327587723732,
        -0.03748279809951782,
        -0.004374511539936066,
        -0.08444619178771973,
        -0.0037986040115356445,
        -0.06862707436084747,
        -0.0007815808057785034,
        -0.10577511787414551,
        0.02399853803217411,
        0.010999999940395355
      ],
      "q99": [
        0.0015045404434204102,
        0.042799949645996094,
        0.0036162137985229492,
        0.03829777240753174,
        0.0036874115467071533,
        0.05087098479270935,
        0.0021941885352134705,
        0.04930317401885986,
        0.006079733371734619,
        0.08126378059387207,
        0.005826480686664581,
        0.0553954541683197,
        0.001140110194683075,
        0.08461534976959229,
        0.024016257375478745,
        0.024775000289082527
      ]
    }
  }
}